firstName,lastName,email,phoneNumber,shipping,shipping.street1,shipping.street2,shipping.city,shipping.state,shipping.zipcode,billing,billing.street1,billing.street2,billing.city,billing.state,billing.zipcode,cardList,orders
Fin,Allot,fallot0@amazon.co.uk,801-153-6244,,John Wall,Everett,Salt Lake City,Utah,84110,,Karstens,7th,Oklahoma City,Oklahoma,73109,"[{""nameOnCard"":""Corby Batrop"",""expirationDate"":""2020-10-25"",""cardNum"":""5338157895289429"",""cardType"":""mastercard""}]","[{""orderDateTime"":""2021-08-30T05:48:28Z"",""totalPrice"":52,""orderItems"":[{""quantity"":43,""totalPrice"":18,""product"":{""productName"":""Crawfish"",""quantityAvail"":74,""unitPrice"":79,""mfgDate"":""2021-05-18"",""description"":""at nunc commodo placerat praesent blandit nam nulla integer pede justo"",""catalogs"":[{""name"":""aliquet maecenas leo odio condimentum id luctus nec molestie sed""}]}}]}]"
Koressa,Slack,kslack1@vistaprint.com,213-156-8696,,Oak,Steensland,Los Angeles,California,90055,,Lerdahl,Granby,Round Rock,Texas,78682,"[{""nameOnCard"":""Arley Jozefczak"",""expirationDate"":""2021-05-02"",""cardNum"":""5610577693432203"",""cardType"":""bankcard""}]","[{""orderDateTime"":""2021-04-22T13:41:52Z"",""totalPrice"":9,""orderItems"":[{""quantity"":8,""totalPrice"":61,""product"":{""productName"":""Beef - Tongue, Fresh"",""quantityAvail"":18,""unitPrice"":47,""mfgDate"":""2021-06-06"",""description"":""et magnis dis parturient montes nascetur ridiculus mus etiam vel augue vestibulum rutrum rutrum neque aenean auctor"",""catalogs"":[{""name"":""ipsum primis in faucibus orci luctus et ultrices posuere cubilia curae mauris""}]}}]}]"
Elka,Girardeau,egirardeau2@surveymonkey.com,910-939-1276,,Canary,Moulton,Fayetteville,North Carolina,28314,,Hansons,Atwood,Lincoln,Nebraska,68517,"[{""nameOnCard"":""Imojean Dykes"",""expirationDate"":""2021-05-17"",""cardNum"":""3564405170219748"",""cardType"":""jcb""}]","[{""orderDateTime"":""2021-05-07T09:45:15Z"",""totalPrice"":20,""orderItems"":[{""quantity"":53,""totalPrice"":22,""product"":{""productName"":""Pear - Halves"",""quantityAvail"":40,""unitPrice"":13,""mfgDate"":""2020-12-15"",""description"":""nulla elit ac nulla sed vel enim sit amet nunc viverra dapibus nulla suscipit ligula in lacus curabitur"",""catalogs"":[{""name"":""libero nullam sit amet turpis elementum ligula vehicula consequat morbi a ipsum integer a nibh""}]}}]}]"
Devina,Farndell,dfarndell3@adobe.com,520-917-3014,,Service,Leroy,Tucson,Arizona,85732,,American Ash,Village,Madison,Wisconsin,53716,"[{""nameOnCard"":""Ward Skerman"",""expirationDate"":""2021-06-10"",""cardNum"":""3552309079639556"",""cardType"":""jcb""}]","[{""orderDateTime"":""2020-11-21T01:24:13Z"",""totalPrice"":93,""orderItems"":[{""quantity"":88,""totalPrice"":30,""product"":{""productName"":""Bouq All Italian - Primerba"",""quantityAvail"":54,""unitPrice"":77,""mfgDate"":""2021-05-23"",""description"":""ac leo pellentesque ultrices mattis odio donec vitae nisi nam ultrices libero non"",""catalogs"":[{""name"":""quam nec dui luctus rutrum nulla tellus in sagittis dui vel nisl duis ac""}]}}]}]"
Rubi,Doni,rdoni4@macromedia.com,407-289-5595,,Moulton,Northfield,Orlando,Florida,32808,,Northfield,Helena,Florence,South Carolina,29505,"[{""nameOnCard"":""Nancee Poles"",""expirationDate"":""2021-05-25"",""cardNum"":""5602211613120488"",""cardType"":""bankcard""}]","[{""orderDateTime"":""2021-02-21T07:47:26Z"",""totalPrice"":11,""orderItems"":[{""quantity"":26,""totalPrice"":85,""product"":{""productName"":""Beer - Sleemans Cream Ale"",""quantityAvail"":59,""unitPrice"":65,""mfgDate"":""2021-03-27"",""description"":""semper rutrum nulla nunc purus phasellus in felis donec semper sapien a libero nam dui proin leo odio"",""catalogs"":[{""name"":""quam fringilla rhoncus mauris enim leo rhoncus sed vestibulum sit amet cursus id turpis""}]}}]}]"
Estell,Kreber,ekreber5@e-recht24.de,951-607-5599,,Jana,Hollow Ridge,Moreno Valley,California,92555,,Arizona,Mifflin,Northridge,California,91328,"[{""nameOnCard"":""Pearl Skull"",""expirationDate"":""2020-11-07"",""cardNum"":""6762931390832509440"",""cardType"":""maestro""}]","[{""orderDateTime"":""2021-08-15T15:22:01Z"",""totalPrice"":6,""orderItems"":[{""quantity"":21,""totalPrice"":17,""product"":{""productName"":""Wine - Magnotta - Red, Baco"",""quantityAvail"":96,""unitPrice"":40,""mfgDate"":""2021-04-15"",""description"":""ullamcorper purus sit amet nulla quisque arcu libero rutrum ac lobortis vel"",""catalogs"":[{""name"":""ut dolor morbi vel lectus""}]}}]}]"
Noby,Gullefant,ngullefant6@bbc.co.uk,610-514-2646,,Clove,Messerschmidt,Allentown,Pennsylvania,18105,,Crest Line,Bultman,Chicago,Illinois,60669,"[{""nameOnCard"":""Aldo Caldecourt"",""expirationDate"":""2021-09-05"",""cardNum"":""5108758014092228"",""cardType"":""mastercard""}]","[{""orderDateTime"":""2021-06-11T17:08:20Z"",""totalPrice"":39,""orderItems"":[{""quantity"":20,""totalPrice"":55,""product"":{""productName"":""Extract - Almond"",""quantityAvail"":45,""unitPrice"":7,""mfgDate"":""2021-08-13"",""description"":""ipsum ac tellus semper interdum mauris ullamcorper purus sit amet"",""catalogs"":[{""name"":""tellus nisi eu orci mauris lacinia sapien quis libero nullam""}]}}]}]"
Hugh,Tran,htran7@theguardian.com,405-545-7225,,Bluestem,Burning Wood,Edmond,Oklahoma,73034,,Cottonwood,Acker,Austin,Texas,78789,"[{""nameOnCard"":""Benedikta Huxster"",""expirationDate"":""2020-12-14"",""cardNum"":""5602256174202878"",""cardType"":""bankcard""}]","[{""orderDateTime"":""2021-03-15T01:16:45Z"",""totalPrice"":13,""orderItems"":[{""quantity"":81,""totalPrice"":27,""product"":{""productName"":""Wine - Jackson Triggs Okonagan"",""quantityAvail"":36,""unitPrice"":49,""mfgDate"":""2020-10-20"",""description"":""in magna bibendum imperdiet nullam orci pede venenatis non sodales"",""catalogs"":[{""name"":""in hac habitasse platea dictumst aliquam augue quam sollicitudin""}]}}]}]"
Rayna,Rodenburgh,rrodenburgh8@cpanel.net,786-890-2579,,Sachs,Loeprich,Miami,Florida,33196,,Chive,Vidon,Bronx,New York,10464,"[{""nameOnCard"":""Kissee Whitmell"",""expirationDate"":""2020-09-30"",""cardNum"":""3539520645855637"",""cardType"":""jcb""}]","[{""orderDateTime"":""2021-07-08T01:23:58Z"",""totalPrice"":55,""orderItems"":[{""quantity"":61,""totalPrice"":77,""product"":{""productName"":""Trueblue - Blueberry Cranberry"",""quantityAvail"":4,""unitPrice"":33,""mfgDate"":""2021-01-15"",""description"":""pretium quis lectus suspendisse potenti in eleifend quam a odio in hac habitasse platea dictumst maecenas ut massa"",""catalogs"":[{""name"":""justo eu massa donec dapibus duis at velit""}]}}]}]"
Gideon,Bonnor,gbonnor9@bing.com,830-246-8445,,Mayer,Buena Vista,San Antonio,Texas,78245,,Hanover,Hayes,Boston,Massachusetts,02203,"[{""nameOnCard"":""Esmeralda Biever"",""expirationDate"":""2021-06-30"",""cardNum"":""3587023283518899"",""cardType"":""jcb""}]","[{""orderDateTime"":""2021-03-25T22:42:13Z"",""totalPrice"":8,""orderItems"":[{""quantity"":66,""totalPrice"":22,""product"":{""productName"":""Wine - German Riesling"",""quantityAvail"":24,""unitPrice"":66,""mfgDate"":""2021-05-20"",""description"":""suscipit ligula in lacus curabitur at ipsum ac tellus semper"",""catalogs"":[{""name"":""eget eleifend luctus ultricies eu nibh""}]}}]}]"
May,Grennan,mgrennana@kickstarter.com,502-338-9490,,Crownhardt,New Castle,Louisville,Kentucky,40266,,Haas,Summerview,Littleton,Colorado,80127,"[{""nameOnCard"":""Constantia Lyngsted"",""expirationDate"":""2021-08-28"",""cardNum"":""5010125261487922"",""cardType"":""mastercard""}]","[{""orderDateTime"":""2021-01-01T02:13:51Z"",""totalPrice"":85,""orderItems"":[{""quantity"":17,""totalPrice"":88,""product"":{""productName"":""Sprite, Diet - 355ml"",""quantityAvail"":15,""unitPrice"":20,""mfgDate"":""2021-08-07"",""description"":""metus sapien ut nunc vestibulum ante ipsum primis in faucibus orci luctus et ultrices posuere"",""catalogs"":[{""name"":""at ipsum ac tellus semper interdum mauris ullamcorper purus""}]}}]}]"
Gina,Courtois,gcourtoisb@a8.net,509-130-8496,,Bobwhite,Gale,Spokane,Washington,99260,,Pankratz,Twin Pines,Los Angeles,California,90040,"[{""nameOnCard"":""Laurette Oneill"",""expirationDate"":""2021-03-27"",""cardNum"":""493629866916226675"",""cardType"":""switch""}]","[{""orderDateTime"":""2020-12-08T15:47:50Z"",""totalPrice"":63,""orderItems"":[{""quantity"":34,""totalPrice"":41,""product"":{""productName"":""Eggs - Extra Large"",""quantityAvail"":97,""unitPrice"":58,""mfgDate"":""2020-12-21"",""description"":""pellentesque viverra pede ac diam cras pellentesque volutpat dui maecenas tristique est et"",""catalogs"":[{""name"":""tempus semper est quam pharetra magna ac consequat metus sapien ut nunc vestibulum ante""}]}}]}]"
Cooper,Huyton,chuytonc@taobao.com,913-115-1448,,Schiller,Towne,Kansas City,Kansas,66160,,Tony,Debs,New York City,New York,10014,"[{""nameOnCard"":""Lazarus Criple"",""expirationDate"":""2021-03-16"",""cardNum"":""30422503074635"",""cardType"":""diners-club-carte-blanche""}]","[{""orderDateTime"":""2020-09-30T01:37:20Z"",""totalPrice"":77,""orderItems"":[{""quantity"":7,""totalPrice"":97,""product"":{""productName"":""Longos - Chicken Wings"",""quantityAvail"":14,""unitPrice"":35,""mfgDate"":""2020-10-20"",""description"":""tincidunt eget tempus vel pede morbi porttitor lorem id ligula suspendisse ornare consequat lectus in"",""catalogs"":[{""name"":""mi in porttitor pede justo eu""}]}}]}]"
Elisha,Imlin,eimlind@mashable.com,202-425-9583,,Hintze,Talisman,Washington,District of Columbia,20210,,Kings,Scofield,Inglewood,California,90398,"[{""nameOnCard"":""Windy Petheridge"",""expirationDate"":""2020-11-25"",""cardNum"":""30299902181009"",""cardType"":""diners-club-carte-blanche""}]","[{""orderDateTime"":""2021-01-10T17:52:10Z"",""totalPrice"":45,""orderItems"":[{""quantity"":30,""totalPrice"":30,""product"":{""productName"":""Truffle Cups Green"",""quantityAvail"":26,""unitPrice"":36,""mfgDate"":""2020-12-02"",""description"":""sed magna at nunc commodo placerat praesent blandit nam nulla integer pede justo lacinia"",""catalogs"":[{""name"":""cursus urna ut tellus nulla ut erat id mauris vulputate""}]}}]}]"
Gav,Martina,gmartinae@cdc.gov,352-662-5662,,Shasta,Bayside,Gainesville,Florida,32605,,Delaware,Springview,San Antonio,Texas,78250,"[{""nameOnCard"":""Tommi Spiaggia"",""expirationDate"":""2021-05-03"",""cardNum"":""3552033860865267"",""cardType"":""jcb""}]","[{""orderDateTime"":""2021-01-01T18:13:40Z"",""totalPrice"":53,""orderItems"":[{""quantity"":68,""totalPrice"":2,""product"":{""productName"":""Fireball Whisky"",""quantityAvail"":67,""unitPrice"":81,""mfgDate"":""2021-07-16"",""description"":""interdum in ante vestibulum ante ipsum primis in faucibus orci luctus et ultrices posuere cubilia curae"",""catalogs"":[{""name"":""sed vel enim sit amet nunc viverra dapibus nulla suscipit ligula in lacus curabitur""}]}}]}]"
Nettle,Bellwood,nbellwoodf@bbb.org,917-199-2626,,Sloan,Bowman,New York City,New York,10110,,Stang,Farmco,Dayton,Ohio,45408,"[{""nameOnCard"":""Dunn Palay"",""expirationDate"":""2021-06-11"",""cardNum"":""3573116657114034"",""cardType"":""jcb""}]","[{""orderDateTime"":""2020-12-27T00:18:17Z"",""totalPrice"":55,""orderItems"":[{""quantity"":27,""totalPrice"":72,""product"":{""productName"":""Wine - Peller Estates Late"",""quantityAvail"":46,""unitPrice"":100,""mfgDate"":""2021-01-07"",""description"":""consequat nulla nisl nunc nisl duis bibendum felis sed interdum venenatis turpis enim blandit mi"",""catalogs"":[{""name"":""aliquam non mauris morbi non lectus aliquam sit amet""}]}}]}]"
Temple,Brack,tbrackg@bigcartel.com,616-153-7316,,Maryland,Lotheville,Grand Rapids,Michigan,49510,,Paget,Mifflin,Kalamazoo,Michigan,49048,"[{""nameOnCard"":""Galven Thackeray"",""expirationDate"":""2021-07-06"",""cardNum"":""6380852818174261"",""cardType"":""instapayment""}]","[{""orderDateTime"":""2021-07-22T09:29:58Z"",""totalPrice"":81,""orderItems"":[{""quantity"":24,""totalPrice"":100,""product"":{""productName"":""Pastry - Chocolate Chip Muffin"",""quantityAvail"":91,""unitPrice"":12,""mfgDate"":""2021-06-15"",""description"":""cras mi pede malesuada in imperdiet et commodo vulputate justo in blandit ultrices enim lorem"",""catalogs"":[{""name"":""quis odio consequat varius integer ac leo pellentesque ultrices mattis odio donec vitae""}]}}]}]"
Hedy,Uc,huch@clickbank.net,217-893-0061,,Kedzie,Laurel,Springfield,Illinois,62776,,Service,Donald,Johnson City,Tennessee,37605,"[{""nameOnCard"":""Domenic Jay"",""expirationDate"":""2020-11-30"",""cardNum"":""4405388096814829"",""cardType"":""visa-electron""}]","[{""orderDateTime"":""2020-10-11T08:01:20Z"",""totalPrice"":80,""orderItems"":[{""quantity"":65,""totalPrice"":27,""product"":{""productName"":""Parasol Pick Stir Stick"",""quantityAvail"":95,""unitPrice"":58,""mfgDate"":""2021-03-02"",""description"":""ante ipsum primis in faucibus orci luctus et ultrices posuere cubilia curae donec"",""catalogs"":[{""name"":""nullam orci pede venenatis non sodales sed""}]}}]}]"
Esmaria,Gobeaux,egobeauxi@marketwatch.com,727-965-0938,,Sullivan,Gerald,Clearwater,Florida,34629,,Burning Wood,Mockingbird,Winston Salem,North Carolina,27150,"[{""nameOnCard"":""Waylon Bambury"",""expirationDate"":""2021-05-02"",""cardNum"":""3580797827692313"",""cardType"":""jcb""}]","[{""orderDateTime"":""2021-04-21T09:24:52Z"",""totalPrice"":19,""orderItems"":[{""quantity"":52,""totalPrice"":1,""product"":{""productName"":""Coffee Caramel Biscotti"",""quantityAvail"":94,""unitPrice"":11,""mfgDate"":""2021-01-18"",""description"":""tempus sit amet sem fusce consequat nulla nisl nunc nisl duis bibendum felis sed interdum"",""catalogs"":[{""name"":""ante vivamus tortor duis mattis egestas""}]}}]}]"
Clemence,Klaesson,cklaessonj@businessweek.com,816-681-2489,,Stang,Algoma,Kansas City,Missouri,64193,,Sutteridge,Jay,Washington,District of Columbia,20551,"[{""nameOnCard"":""Thorndike Jamrowicz"",""expirationDate"":""2020-10-05"",""cardNum"":""5244883566706796"",""cardType"":""mastercard""}]","[{""orderDateTime"":""2021-04-11T06:13:48Z"",""totalPrice"":52,""orderItems"":[{""quantity"":36,""totalPrice"":79,""product"":{""productName"":""Icecream - Dibs"",""quantityAvail"":100,""unitPrice"":27,""mfgDate"":""2020-10-06"",""description"":""convallis duis consequat dui nec nisi volutpat eleifend donec ut dolor morbi vel lectus in quam fringilla rhoncus mauris"",""catalogs"":[{""name"":""orci luctus et ultrices posuere cubilia curae duis faucibus accumsan""}]}}]}]"
Rudiger,Lindstrom,rlindstromk@aol.com,254-979-8630,,Hanson,Hovde,Waco,Texas,76705,,Sunfield,Sage,Lansing,Michigan,48956,"[{""nameOnCard"":""Orazio Coulston"",""expirationDate"":""2020-10-11"",""cardNum"":""491136780100843569"",""cardType"":""switch""}]","[{""orderDateTime"":""2021-01-27T01:05:11Z"",""totalPrice"":75,""orderItems"":[{""quantity"":45,""totalPrice"":16,""product"":{""productName"":""Calypso - Lemonade"",""quantityAvail"":100,""unitPrice"":48,""mfgDate"":""2021-07-23"",""description"":""imperdiet sapien urna pretium nisl ut volutpat sapien arcu sed augue aliquam erat volutpat"",""catalogs"":[{""name"":""fusce congue diam id ornare imperdiet sapien urna pretium nisl ut volutpat""}]}}]}]"
Hayyim,McMeyler,hmcmeylerl@ftc.gov,512-965-6246,,Ramsey,Manufacturers,Austin,Texas,78778,,Clarendon,Superior,Atlanta,Georgia,30386,"[{""nameOnCard"":""Almeda Gibke"",""expirationDate"":""2021-01-23"",""cardNum"":""589341725952834226"",""cardType"":""maestro""}]","[{""orderDateTime"":""2021-03-20T23:41:22Z"",""totalPrice"":44,""orderItems"":[{""quantity"":94,""totalPrice"":37,""product"":{""productName"":""Calypso - Lemonade"",""quantityAvail"":20,""unitPrice"":93,""mfgDate"":""2021-02-22"",""description"":""amet nulla quisque arcu libero rutrum ac lobortis vel dapibus at diam"",""catalogs"":[{""name"":""id pretium iaculis diam erat""}]}}]}]"
Elston,Blackford,eblackfordm@plala.or.jp,607-955-6593,,Golf Course,Grover,Elmira,New York,14905,,Ohio,Hayes,Las Vegas,Nevada,89110,"[{""nameOnCard"":""Donnajean Erickssen"",""expirationDate"":""2020-10-21"",""cardNum"":""6771342331097535"",""cardType"":""laser""}]","[{""orderDateTime"":""2020-12-01T09:33:20Z"",""totalPrice"":33,""orderItems"":[{""quantity"":38,""totalPrice"":76,""product"":{""productName"":""Eggplant - Baby"",""quantityAvail"":93,""unitPrice"":32,""mfgDate"":""2021-06-15"",""description"":""mattis odio donec vitae nisi nam ultrices libero non mattis"",""catalogs"":[{""name"":""ac lobortis vel dapibus at diam nam tristique tortor eu pede""}]}}]}]"
Nelly,Matteo,nmatteon@gizmodo.com,814-148-5008,,Golf,Butternut,Erie,Pennsylvania,16505,,Sutherland,Eastlawn,San Jose,California,95138,"[{""nameOnCard"":""Langsdon Streatfeild"",""expirationDate"":""2021-03-07"",""cardNum"":""201925766763556"",""cardType"":""diners-club-enroute""}]","[{""orderDateTime"":""2021-02-27T21:52:07Z"",""totalPrice"":49,""orderItems"":[{""quantity"":63,""totalPrice"":26,""product"":{""productName"":""Honey - Comb"",""quantityAvail"":58,""unitPrice"":10,""mfgDate"":""2021-05-28"",""description"":""metus sapien ut nunc vestibulum ante ipsum primis in faucibus orci luctus"",""catalogs"":[{""name"":""malesuada in imperdiet et commodo vulputate justo in blandit""}]}}]}]"
Elijah,Bronger,ebrongero@buzzfeed.com,859-534-0032,,Dorton,Porter,Lexington,Kentucky,40586,,Bobwhite,Lighthouse Bay,Huntington,West Virginia,25705,"[{""nameOnCard"":""Birgitta Sussems"",""expirationDate"":""2021-01-29"",""cardNum"":""56022423663665263"",""cardType"":""china-unionpay""}]","[{""orderDateTime"":""2021-02-19T00:44:41Z"",""totalPrice"":37,""orderItems"":[{""quantity"":50,""totalPrice"":54,""product"":{""productName"":""Tart Shells - Savory, 3"",""quantityAvail"":11,""unitPrice"":37,""mfgDate"":""2021-02-24"",""description"":""ut erat curabitur gravida nisi at nibh in hac habitasse platea dictumst aliquam augue quam sollicitudin vitae consectetuer eget"",""catalogs"":[{""name"":""elit proin risus praesent lectus vestibulum quam sapien varius""}]}}]}]"
Dierdre,Murricanes,dmurricanesp@sbwire.com,202-313-8539,,Fulton,Burning Wood,Washington,District of Columbia,56944,,Toban,Clarendon,Charleston,West Virginia,25336,"[{""nameOnCard"":""Nerta Vernazza"",""expirationDate"":""2020-10-19"",""cardNum"":""3539422853046746"",""cardType"":""jcb""}]","[{""orderDateTime"":""2021-06-07T17:17:46Z"",""totalPrice"":71,""orderItems"":[{""quantity"":98,""totalPrice"":80,""product"":{""productName"":""Tumeric"",""quantityAvail"":70,""unitPrice"":2,""mfgDate"":""2020-12-15"",""description"":""nulla suscipit ligula in lacus curabitur at ipsum ac tellus semper interdum mauris ullamcorper purus sit amet nulla quisque"",""catalogs"":[{""name"":""curabitur gravida nisi at nibh in hac habitasse platea dictumst aliquam augue quam sollicitudin""}]}}]}]"
Sinclare,Branni,sbranniq@soup.io,912-463-7252,,Helena,Moose,Savannah,Georgia,31422,,Anzinger,Del Sol,San Antonio,Texas,78235,"[{""nameOnCard"":""Caroline Rymell"",""expirationDate"":""2021-03-11"",""cardNum"":""3569991643664052"",""cardType"":""jcb""}]","[{""orderDateTime"":""2021-03-30T08:31:35Z"",""totalPrice"":66,""orderItems"":[{""quantity"":14,""totalPrice"":31,""product"":{""productName"":""Pastry - Banana Tea Loaf"",""quantityAvail"":52,""unitPrice"":97,""mfgDate"":""2021-01-28"",""description"":""non ligula pellentesque ultrices phasellus id sapien in sapien iaculis congue vivamus"",""catalogs"":[{""name"":""orci luctus et ultrices posuere cubilia curae duis faucibus""}]}}]}]"
Else,Pettett,epettettr@netvibes.com,623-253-6924,,Pleasure,Fulton,Scottsdale,Arizona,85260,,Vermont,Drewry,Evansville,Indiana,47725,"[{""nameOnCard"":""Ingar Kinsey"",""expirationDate"":""2021-05-24"",""cardNum"":""5010129969161946"",""cardType"":""mastercard""}]","[{""orderDateTime"":""2021-02-11T13:50:29Z"",""totalPrice"":51,""orderItems"":[{""quantity"":71,""totalPrice"":92,""product"":{""productName"":""Apple - Delicious, Golden"",""quantityAvail"":32,""unitPrice"":2,""mfgDate"":""2021-01-10"",""description"":""elit proin risus praesent lectus vestibulum quam sapien varius ut blandit"",""catalogs"":[{""name"":""venenatis turpis enim blandit mi in porttitor pede justo eu massa donec""}]}}]}]"
Layney,Agates,lagatess@printfriendly.com,212-147-3301,,4th,Oneill,New York City,New York,10115,,Dayton,Claremont,Wilmington,Delaware,19805,"[{""nameOnCard"":""Anissa Simonato"",""expirationDate"":""2021-09-09"",""cardNum"":""560222627310486191"",""cardType"":""china-unionpay""}]","[{""orderDateTime"":""2021-02-16T05:49:06Z"",""totalPrice"":10,""orderItems"":[{""quantity"":40,""totalPrice"":55,""product"":{""productName"":""Leeks - Baby, White"",""quantityAvail"":73,""unitPrice"":42,""mfgDate"":""2021-05-25"",""description"":""ipsum praesent blandit lacinia erat vestibulum sed magna at nunc commodo placerat praesent"",""catalogs"":[{""name"":""nam ultrices libero non mattis pulvinar nulla pede ullamcorper augue a suscipit nulla elit""}]}}]}]"
Anselm,Abramovitch,aabramovitcht@independent.co.uk,859-708-5782,,Alpine,Shelley,Lexington,Kentucky,40510,,Petterle,Cardinal,Lancaster,Pennsylvania,17622,"[{""nameOnCard"":""Leena Corkhill"",""expirationDate"":""2021-09-23"",""cardNum"":""502043148040470479"",""cardType"":""maestro""}]","[{""orderDateTime"":""2020-12-24T08:03:25Z"",""totalPrice"":73,""orderItems"":[{""quantity"":84,""totalPrice"":56,""product"":{""productName"":""Tea - Lemon Scented"",""quantityAvail"":79,""unitPrice"":67,""mfgDate"":""2021-02-07"",""description"":""vel enim sit amet nunc viverra dapibus nulla suscipit ligula in lacus curabitur at"",""catalogs"":[{""name"":""risus auctor sed tristique in tempus sit amet sem fusce consequat nulla""}]}}]}]"
Quent,Sydney,qsydneyu@histats.com,205-312-9543,,Westridge,Claremont,Birmingham,Alabama,35225,,Iowa,Michigan,Minneapolis,Minnesota,55441,"[{""nameOnCard"":""Stafford Allsworth"",""expirationDate"":""2020-10-14"",""cardNum"":""4175007526461849"",""cardType"":""visa-electron""}]","[{""orderDateTime"":""2020-12-18T04:49:08Z"",""totalPrice"":34,""orderItems"":[{""quantity"":47,""totalPrice"":84,""product"":{""productName"":""Potatoes - Peeled"",""quantityAvail"":7,""unitPrice"":71,""mfgDate"":""2021-04-23"",""description"":""ut volutpat sapien arcu sed augue aliquam erat volutpat in congue etiam"",""catalogs"":[{""name"":""leo maecenas pulvinar lobortis est phasellus sit amet erat nulla tempus vivamus""}]}}]}]"
Carmelia,Reinmar,creinmarv@qq.com,860-774-6734,,North,Rutledge,Hartford,Connecticut,06140,,Kedzie,Mockingbird,Warren,Michigan,48092,"[{""nameOnCard"":""Gracie Cross"",""expirationDate"":""2021-05-23"",""cardNum"":""5108750319576161"",""cardType"":""mastercard""}]","[{""orderDateTime"":""2020-11-21T21:03:01Z"",""totalPrice"":64,""orderItems"":[{""quantity"":98,""totalPrice"":94,""product"":{""productName"":""Potatoes - Idaho 80 Count"",""quantityAvail"":92,""unitPrice"":57,""mfgDate"":""2021-09-23"",""description"":""euismod scelerisque quam turpis adipiscing lorem vitae mattis nibh ligula"",""catalogs"":[{""name"":""eget massa tempor convallis nulla neque libero convallis eget eleifend luctus""}]}}]}]"
Ash,Dolbey,adolbeyw@usgs.gov,682-161-3904,,Canary,Fulton,Denton,Texas,76205,,Sugar,Loftsgordon,Washington,District of Columbia,20575,"[{""nameOnCard"":""Avis Dingwall"",""expirationDate"":""2021-01-03"",""cardNum"":""3558139095980724"",""cardType"":""jcb""}]","[{""orderDateTime"":""2021-04-07T06:48:06Z"",""totalPrice"":67,""orderItems"":[{""quantity"":94,""totalPrice"":79,""product"":{""productName"":""Beer - Original Organic Lager"",""quantityAvail"":59,""unitPrice"":51,""mfgDate"":""2020-10-26"",""description"":""dui luctus rutrum nulla tellus in sagittis dui vel nisl duis ac nibh fusce lacus"",""catalogs"":[{""name"":""odio cras mi pede malesuada in imperdiet et commodo vulputate justo in blandit ultrices""}]}}]}]"
Abby,Yanshinov,ayanshinovx@miitbeian.gov.cn,214-889-7167,,Forest Run,Drewry,Dallas,Texas,75277,,Mayer,Arizona,El Paso,Texas,79950,"[{""nameOnCard"":""Jan Joffe"",""expirationDate"":""2021-07-09"",""cardNum"":""3537886718388786"",""cardType"":""jcb""}]","[{""orderDateTime"":""2020-11-10T20:30:25Z"",""totalPrice"":54,""orderItems"":[{""quantity"":97,""totalPrice"":35,""product"":{""productName"":""Veal - Leg"",""quantityAvail"":12,""unitPrice"":18,""mfgDate"":""2020-12-23"",""description"":""velit donec diam neque vestibulum eget vulputate ut ultrices vel augue"",""catalogs"":[{""name"":""rhoncus sed vestibulum sit amet cursus id turpis integer aliquet massa id lobortis""}]}}]}]"
Karee,Clapp,kclappy@plala.or.jp,806-466-9017,,Vermont,Dovetail,Amarillo,Texas,79105,,Talmadge,Duke,Arlington,Virginia,22244,"[{""nameOnCard"":""Calli Sandcroft"",""expirationDate"":""2021-01-02"",""cardNum"":""3578587348020779"",""cardType"":""jcb""}]","[{""orderDateTime"":""2021-07-26T14:26:21Z"",""totalPrice"":28,""orderItems"":[{""quantity"":55,""totalPrice"":33,""product"":{""productName"":""Cinnamon Rolls"",""quantityAvail"":79,""unitPrice"":48,""mfgDate"":""2021-02-21"",""description"":""lectus in est risus auctor sed tristique in tempus sit amet sem fusce consequat nulla"",""catalogs"":[{""name"":""vivamus vestibulum sagittis sapien cum sociis natoque penatibus et magnis dis parturient montes nascetur""}]}}]}]"
Sayre,Spragge,sspraggez@jigsy.com,713-744-6267,,6th,Haas,Houston,Texas,77212,,Glendale,Ridge Oak,Philadelphia,Pennsylvania,19115,"[{""nameOnCard"":""Orlan Celle"",""expirationDate"":""2021-09-01"",""cardNum"":""3555447782129452"",""cardType"":""jcb""}]","[{""orderDateTime"":""2021-06-13T06:29:26Z"",""totalPrice"":77,""orderItems"":[{""quantity"":13,""totalPrice"":73,""product"":{""productName"":""Pasta - Lasagna Noodle, Frozen"",""quantityAvail"":7,""unitPrice"":8,""mfgDate"":""2021-05-10"",""description"":""ante vel ipsum praesent blandit lacinia erat vestibulum sed magna at nunc commodo placerat praesent blandit nam nulla integer"",""catalogs"":[{""name"":""sem fusce consequat nulla nisl nunc nisl duis bibendum felis sed interdum venenatis turpis enim""}]}}]}]"
Donavon,Legge,dlegge10@livejournal.com,775-218-1404,,Southridge,Judy,Carson City,Nevada,89714,,Kenwood,Mallory,Shawnee Mission,Kansas,66205,"[{""nameOnCard"":""Reagen Nequest"",""expirationDate"":""2020-09-27"",""cardNum"":""5494877922504694"",""cardType"":""mastercard""}]","[{""orderDateTime"":""2021-01-14T07:03:32Z"",""totalPrice"":3,""orderItems"":[{""quantity"":3,""totalPrice"":20,""product"":{""productName"":""Bread - Raisin Walnut Pull"",""quantityAvail"":99,""unitPrice"":68,""mfgDate"":""2021-07-17"",""description"":""viverra dapibus nulla suscipit ligula in lacus curabitur at ipsum ac tellus semper interdum mauris ullamcorper purus"",""catalogs"":[{""name"":""viverra diam vitae quam suspendisse potenti nullam porttitor lacus at turpis donec""}]}}]}]"
Burt,Moncrefe,bmoncrefe11@mozilla.org,843-312-0265,,Sage,Huxley,Florence,South Carolina,29505,,Arapahoe,Waubesa,Dallas,Texas,75260,"[{""nameOnCard"":""Cinda Aysik"",""expirationDate"":""2021-07-18"",""cardNum"":""5010129506813546"",""cardType"":""mastercard""}]","[{""orderDateTime"":""2021-07-16T16:13:41Z"",""totalPrice"":45,""orderItems"":[{""quantity"":44,""totalPrice"":79,""product"":{""productName"":""Ice Cream Bar - Oreo Cone"",""quantityAvail"":23,""unitPrice"":67,""mfgDate"":""2020-12-14"",""description"":""sollicitudin vitae consectetuer eget rutrum at lorem integer tincidunt ante vel ipsum praesent blandit lacinia erat vestibulum sed"",""catalogs"":[{""name"":""eu est congue elementum in hac habitasse platea dictumst""}]}}]}]"
Bibi,Cullingworth,bcullingworth12@angelfire.com,407-145-2092,,Ruskin,Hooker,Kissimmee,Florida,34745,,Toban,Waubesa,Olympia,Washington,98516,"[{""nameOnCard"":""Shay Gerlts"",""expirationDate"":""2021-05-28"",""cardNum"":""374622342868337"",""cardType"":""americanexpress""}]","[{""orderDateTime"":""2020-10-03T21:17:47Z"",""totalPrice"":21,""orderItems"":[{""quantity"":70,""totalPrice"":69,""product"":{""productName"":""Veal - Osso Bucco"",""quantityAvail"":24,""unitPrice"":82,""mfgDate"":""2021-01-17"",""description"":""ut massa volutpat convallis morbi odio odio elementum eu interdum eu tincidunt in leo maecenas pulvinar lobortis"",""catalogs"":[{""name"":""eu sapien cursus vestibulum proin eu mi""}]}}]}]"
Livvy,Jorissen,ljorissen13@networkadvertising.org,619-257-4320,,Crest Line,Menomonie,San Diego,California,92132,,Village,Brentwood,Orlando,Florida,32819,"[{""nameOnCard"":""Violetta Kann"",""expirationDate"":""2021-01-13"",""cardNum"":""3582993368243578"",""cardType"":""jcb""}]","[{""orderDateTime"":""2021-04-21T21:09:14Z"",""totalPrice"":15,""orderItems"":[{""quantity"":8,""totalPrice"":36,""product"":{""productName"":""Creme De Banane - Marie"",""quantityAvail"":75,""unitPrice"":92,""mfgDate"":""2021-08-03"",""description"":""lorem ipsum dolor sit amet consectetuer adipiscing elit proin risus praesent lectus vestibulum quam sapien varius ut blandit non interdum"",""catalogs"":[{""name"":""dui luctus rutrum nulla tellus in sagittis dui""}]}}]}]"
Cash,Puve,cpuve14@acquirethisname.com,202-666-9391,,Knutson,Northland,Washington,District of Columbia,20319,,Ramsey,Donald,Washington,District of Columbia,20046,"[{""nameOnCard"":""Alvina Twidale"",""expirationDate"":""2021-03-13"",""cardNum"":""3579409078858220"",""cardType"":""jcb""}]","[{""orderDateTime"":""2021-02-08T00:30:45Z"",""totalPrice"":25,""orderItems"":[{""quantity"":56,""totalPrice"":34,""product"":{""productName"":""Bread - Dark Rye"",""quantityAvail"":76,""unitPrice"":61,""mfgDate"":""2021-06-27"",""description"":""morbi vel lectus in quam fringilla rhoncus mauris enim leo rhoncus sed vestibulum sit amet cursus id"",""catalogs"":[{""name"":""convallis tortor risus dapibus augue vel accumsan tellus nisi eu orci mauris lacinia""}]}}]}]"
Dante,Lassen,dlassen15@hostgator.com,325-610-7267,,Oriole,Golf,San Angelo,Texas,76905,,5th,Forest Dale,New York City,New York,10280,"[{""nameOnCard"":""Nanci Duffil"",""expirationDate"":""2021-04-22"",""cardNum"":""201577515327397"",""cardType"":""diners-club-enroute""}]","[{""orderDateTime"":""2021-04-15T16:21:25Z"",""totalPrice"":31,""orderItems"":[{""quantity"":25,""totalPrice"":92,""product"":{""productName"":""Cafe Royale"",""quantityAvail"":62,""unitPrice"":86,""mfgDate"":""2021-01-05"",""description"":""quis orci nullam molestie nibh in lectus pellentesque at nulla suspendisse potenti cras in purus eu magna vulputate"",""catalogs"":[{""name"":""aliquam convallis nunc proin at turpis a pede posuere nonummy""}]}}]}]"
Alva,Coghill,acoghill16@wix.com,678-588-2293,,Hollow Ridge,Gerald,Atlanta,Georgia,30306,,Pearson,Cascade,Lansing,Michigan,48901,"[{""nameOnCard"":""Dorelle Dizlie"",""expirationDate"":""2021-01-28"",""cardNum"":""30476090751518"",""cardType"":""diners-club-carte-blanche""}]","[{""orderDateTime"":""2021-01-20T14:45:54Z"",""totalPrice"":58,""orderItems"":[{""quantity"":83,""totalPrice"":74,""product"":{""productName"":""Shrimp - 16/20, Iqf, Shell On"",""quantityAvail"":83,""unitPrice"":65,""mfgDate"":""2020-10-01"",""description"":""eget eleifend luctus ultricies eu nibh quisque id justo sit amet sapien dignissim vestibulum vestibulum ante ipsum"",""catalogs"":[{""name"":""ipsum primis in faucibus orci luctus et ultrices posuere""}]}}]}]"
Norine,Gentile,ngentile17@shutterfly.com,702-607-8352,,Redwing,Ridgeway,Las Vegas,Nevada,89110,,Elka,Holmberg,Columbia,South Carolina,29220,"[{""nameOnCard"":""Julee Adanet"",""expirationDate"":""2020-10-05"",""cardNum"":""4903108055761218"",""cardType"":""switch""}]","[{""orderDateTime"":""2020-11-05T08:40:29Z"",""totalPrice"":99,""orderItems"":[{""quantity"":100,""totalPrice"":46,""product"":{""productName"":""Fib N9 - Prague Powder"",""quantityAvail"":20,""unitPrice"":68,""mfgDate"":""2020-11-25"",""description"":""pede venenatis non sodales sed tincidunt eu felis fusce posuere felis sed lacus morbi sem mauris laoreet ut rhoncus"",""catalogs"":[{""name"":""purus sit amet nulla quisque arcu libero rutrum ac""}]}}]}]"
Markus,Glaysher,mglaysher18@tripod.com,757-106-8447,,Golf Course,Packers,Virginia Beach,Virginia,23464,,Barnett,Granby,Houston,Texas,77070,"[{""nameOnCard"":""Amargo Fireman"",""expirationDate"":""2021-01-21"",""cardNum"":""5100148179732123"",""cardType"":""mastercard""}]","[{""orderDateTime"":""2021-08-26T16:41:18Z"",""totalPrice"":90,""orderItems"":[{""quantity"":41,""totalPrice"":27,""product"":{""productName"":""Juice - Lime"",""quantityAvail"":85,""unitPrice"":66,""mfgDate"":""2020-10-11"",""description"":""vulputate elementum nullam varius nulla facilisi cras non velit nec"",""catalogs"":[{""name"":""molestie nibh in lectus pellentesque at nulla suspendisse""}]}}]}]"
Zorana,Vanyard,zvanyard19@technorati.com,215-442-4243,,Onsgard,Reindahl,Philadelphia,Pennsylvania,19131,,Towne,Schiller,Santa Fe,New Mexico,87592,"[{""nameOnCard"":""Thelma Clemence"",""expirationDate"":""2021-08-25"",""cardNum"":""5216215309483033"",""cardType"":""mastercard""}]","[{""orderDateTime"":""2020-11-19T04:37:21Z"",""totalPrice"":68,""orderItems"":[{""quantity"":85,""totalPrice"":73,""product"":{""productName"":""Phyllo Dough"",""quantityAvail"":3,""unitPrice"":62,""mfgDate"":""2021-08-26"",""description"":""in faucibus orci luctus et ultrices posuere cubilia curae nulla dapibus dolor vel est donec odio justo sollicitudin ut"",""catalogs"":[{""name"":""rutrum ac lobortis vel dapibus at diam nam tristique tortor eu""}]}}]}]"
Miltie,Santello,msantello1a@shinystat.com,813-649-4178,,Redwing,Shasta,Tampa,Florida,33605,,Pine View,Warbler,Tucson,Arizona,85715,"[{""nameOnCard"":""Lawry Murdoch"",""expirationDate"":""2021-02-22"",""cardNum"":""5010128717657361"",""cardType"":""mastercard""}]","[{""orderDateTime"":""2021-04-02T14:06:19Z"",""totalPrice"":39,""orderItems"":[{""quantity"":24,""totalPrice"":34,""product"":{""productName"":""Tomatoes - Vine Ripe, Red"",""quantityAvail"":56,""unitPrice"":98,""mfgDate"":""2021-05-01"",""description"":""eget eleifend luctus ultricies eu nibh quisque id justo sit amet sapien"",""catalogs"":[{""name"":""fusce consequat nulla nisl nunc nisl duis bibendum felis sed interdum venenatis turpis enim""}]}}]}]"
Pepita,Ardling,pardling1b@jalbum.net,757-899-0743,,Prairie Rose,Dennis,Norfolk,Virginia,23504,,Badeau,Del Sol,Los Angeles,California,90025,"[{""nameOnCard"":""Aggie Rosiello"",""expirationDate"":""2021-08-20"",""cardNum"":""5602220226593353"",""cardType"":""bankcard""}]","[{""orderDateTime"":""2021-09-06T19:33:11Z"",""totalPrice"":65,""orderItems"":[{""quantity"":52,""totalPrice"":75,""product"":{""productName"":""Loaf Pan - 2 Lb, Foil"",""quantityAvail"":14,""unitPrice"":13,""mfgDate"":""2021-01-28"",""description"":""quam sollicitudin vitae consectetuer eget rutrum at lorem integer tincidunt ante vel"",""catalogs"":[{""name"":""diam erat fermentum justo nec condimentum neque""}]}}]}]"
Nichol,Stoyle,nstoyle1c@facebook.com,415-596-7448,,Pennsylvania,Melby,San Francisco,California,94154,,Artisan,Memorial,Atlanta,Georgia,30316,"[{""nameOnCard"":""Rosemary Daltry"",""expirationDate"":""2020-10-13"",""cardNum"":""5602238473183898148"",""cardType"":""china-unionpay""}]","[{""orderDateTime"":""2021-06-13T22:34:38Z"",""totalPrice"":13,""orderItems"":[{""quantity"":16,""totalPrice"":1,""product"":{""productName"":""Beer - Upper Canada Light"",""quantityAvail"":10,""unitPrice"":92,""mfgDate"":""2021-09-06"",""description"":""semper sapien a libero nam dui proin leo odio porttitor"",""catalogs"":[{""name"":""tellus nisi eu orci mauris lacinia sapien quis libero nullam sit""}]}}]}]"
Dulci,Sperry,dsperry1d@usgs.gov,585-368-7673,,Reindahl,Independence,Rochester,New York,14624,,Burrows,Michigan,Newton,Massachusetts,02162,"[{""nameOnCard"":""Mitchael Mewrcik"",""expirationDate"":""2021-01-26"",""cardNum"":""30275249469166"",""cardType"":""diners-club-carte-blanche""}]","[{""orderDateTime"":""2020-12-16T15:11:51Z"",""totalPrice"":36,""orderItems"":[{""quantity"":72,""totalPrice"":3,""product"":{""productName"":""Bag Stand"",""quantityAvail"":85,""unitPrice"":67,""mfgDate"":""2020-10-22"",""description"":""aenean fermentum donec ut mauris eget massa tempor convallis nulla neque libero convallis eget eleifend luctus ultricies eu nibh"",""catalogs"":[{""name"":""dictumst morbi vestibulum velit id pretium iaculis diam erat fermentum justo""}]}}]}]"
Sibel,Pinchbeck,spinchbeck1e@feedburner.com,505-363-9932,,Birchwood,Browning,Santa Fe,New Mexico,87505,,Cascade,Grasskamp,Lees Summit,Missouri,64082,"[{""nameOnCard"":""Candace Eagger"",""expirationDate"":""2021-06-24"",""cardNum"":""3584448939269600"",""cardType"":""jcb""}]","[{""orderDateTime"":""2021-04-27T23:57:27Z"",""totalPrice"":74,""orderItems"":[{""quantity"":55,""totalPrice"":19,""product"":{""productName"":""Tabasco Sauce, 2 Oz"",""quantityAvail"":64,""unitPrice"":39,""mfgDate"":""2021-02-18"",""description"":""sed tincidunt eu felis fusce posuere felis sed lacus morbi sem mauris"",""catalogs"":[{""name"":""dui nec nisi volutpat eleifend donec ut""}]}}]}]"
Barton,Heimes,bheimes1f@ovh.net,806-611-3693,,Cordelia,Cody,Lubbock,Texas,79405,,Blaine,Sloan,Mobile,Alabama,36610,"[{""nameOnCard"":""Jeth Hamsher"",""expirationDate"":""2021-04-09"",""cardNum"":""3573937243546938"",""cardType"":""jcb""}]","[{""orderDateTime"":""2021-01-28T14:37:02Z"",""totalPrice"":90,""orderItems"":[{""quantity"":8,""totalPrice"":63,""product"":{""productName"":""Lemon Tarts"",""quantityAvail"":89,""unitPrice"":14,""mfgDate"":""2021-08-22"",""description"":""nisi eu orci mauris lacinia sapien quis libero nullam sit"",""catalogs"":[{""name"":""imperdiet et commodo vulputate justo in blandit ultrices enim lorem ipsum dolor sit amet consectetuer""}]}}]}]"
Morley,Bradbeer,mbradbeer1g@tmall.com,337-558-7837,,Forest,Prairieview,Lafayette,Louisiana,70593,,Katie,Cambridge,Irvine,California,92717,"[{""nameOnCard"":""Florrie Spruce"",""expirationDate"":""2020-11-17"",""cardNum"":""5448138523775184"",""cardType"":""diners-club-us-ca""}]","[{""orderDateTime"":""2020-10-04T17:38:25Z"",""totalPrice"":77,""orderItems"":[{""quantity"":44,""totalPrice"":71,""product"":{""productName"":""Wine - Pinot Noir Mondavi Coastal"",""quantityAvail"":95,""unitPrice"":58,""mfgDate"":""2021-05-04"",""description"":""nisl aenean lectus pellentesque eget nunc donec quis orci eget orci vehicula condimentum curabitur in libero ut massa"",""catalogs"":[{""name"":""interdum in ante vestibulum ante ipsum""}]}}]}]"
Nikoletta,Spohr,nspohr1h@telegraph.co.uk,228-372-1976,,Dovetail,Meadow Vale,Biloxi,Mississippi,39534,,John Wall,Bowman,Las Vegas,Nevada,89155,"[{""nameOnCard"":""Rosmunda Priter"",""expirationDate"":""2021-03-03"",""cardNum"":""6331107589888064"",""cardType"":""switch""}]","[{""orderDateTime"":""2020-11-12T10:31:59Z"",""totalPrice"":27,""orderItems"":[{""quantity"":4,""totalPrice"":52,""product"":{""productName"":""Veal - Slab Bacon"",""quantityAvail"":69,""unitPrice"":16,""mfgDate"":""2021-05-24"",""description"":""sed lacus morbi sem mauris laoreet ut rhoncus aliquet pulvinar sed nisl nunc rhoncus dui vel sem"",""catalogs"":[{""name"":""mi sit amet lobortis sapien sapien non""}]}}]}]"
Thia,Bangley,tbangley1i@imdb.com,972-583-2455,,Sauthoff,Beilfuss,Dallas,Texas,75226,,Vernon,Starling,Miami,Florida,33175,"[{""nameOnCard"":""Leanora Orfeur"",""expirationDate"":""2020-12-08"",""cardNum"":""342514457350079"",""cardType"":""americanexpress""}]","[{""orderDateTime"":""2021-06-18T09:51:21Z"",""totalPrice"":41,""orderItems"":[{""quantity"":75,""totalPrice"":92,""product"":{""productName"":""Pur Value"",""quantityAvail"":7,""unitPrice"":84,""mfgDate"":""2021-08-24"",""description"":""sed nisl nunc rhoncus dui vel sem sed sagittis nam congue risus semper porta volutpat quam pede"",""catalogs"":[{""name"":""sit amet justo morbi ut odio cras mi pede malesuada in imperdiet et commodo""}]}}]}]"
Abran,Ridgeway,aridgeway1j@altervista.org,920-327-8632,,Ridgeview,Park Meadow,Green Bay,Wisconsin,54313,,Bultman,Milwaukee,San Antonio,Texas,78245,"[{""nameOnCard"":""Devon Parchment"",""expirationDate"":""2021-06-19"",""cardNum"":""3579141051412812"",""cardType"":""jcb""}]","[{""orderDateTime"":""2021-04-15T16:34:30Z"",""totalPrice"":67,""orderItems"":[{""quantity"":98,""totalPrice"":37,""product"":{""productName"":""Seabream Whole Farmed"",""quantityAvail"":20,""unitPrice"":61,""mfgDate"":""2021-09-20"",""description"":""ante vel ipsum praesent blandit lacinia erat vestibulum sed magna at"",""catalogs"":[{""name"":""potenti nullam porttitor lacus at turpis donec posuere metus vitae""}]}}]}]"
Marlie,Ginnell,mginnell1k@cargocollective.com,806-847-1085,,Vahlen,Quincy,Amarillo,Texas,79182,,Sloan,Hansons,Washington,District of Columbia,20231,"[{""nameOnCard"":""Jermaine Kniveton"",""expirationDate"":""2021-04-30"",""cardNum"":""3540352576741918"",""cardType"":""jcb""}]","[{""orderDateTime"":""2020-11-25T05:20:50Z"",""totalPrice"":4,""orderItems"":[{""quantity"":32,""totalPrice"":76,""product"":{""productName"":""Beef - Sushi Flat Iron Steak"",""quantityAvail"":97,""unitPrice"":52,""mfgDate"":""2020-10-18"",""description"":""metus sapien ut nunc vestibulum ante ipsum primis in faucibus orci luctus et ultrices posuere cubilia"",""catalogs"":[{""name"":""lacinia eget tincidunt eget tempus""}]}}]}]"
Emalee,Vedstra,evedstra1l@fotki.com,937-413-9176,,Florence,Chive,Dayton,Ohio,45403,,Anthes,Corry,Nashville,Tennessee,37228,"[{""nameOnCard"":""Larina Ebben"",""expirationDate"":""2021-05-12"",""cardNum"":""201843025765850"",""cardType"":""diners-club-enroute""}]","[{""orderDateTime"":""2020-11-09T22:52:09Z"",""totalPrice"":22,""orderItems"":[{""quantity"":17,""totalPrice"":82,""product"":{""productName"":""Zucchini - Green"",""quantityAvail"":98,""unitPrice"":10,""mfgDate"":""2021-05-12"",""description"":""eu sapien cursus vestibulum proin eu mi nulla ac enim in tempor"",""catalogs"":[{""name"":""duis consequat dui nec nisi volutpat eleifend donec ut dolor morbi vel lectus in""}]}}]}]"
Quill,Scarlett,qscarlett1m@elegantthemes.com,917-489-3995,,Golf View,Bartillon,Bronx,New York,10474,,Butternut,Monica,San Diego,California,92196,"[{""nameOnCard"":""Alana Sinden"",""expirationDate"":""2021-03-10"",""cardNum"":""5602227126874726"",""cardType"":""bankcard""}]","[{""orderDateTime"":""2020-10-29T16:46:14Z"",""totalPrice"":25,""orderItems"":[{""quantity"":91,""totalPrice"":60,""product"":{""productName"":""Lady Fingers"",""quantityAvail"":99,""unitPrice"":59,""mfgDate"":""2021-06-29"",""description"":""vel est donec odio justo sollicitudin ut suscipit a feugiat et eros"",""catalogs"":[{""name"":""rutrum nulla nunc purus phasellus in felis donec semper sapien""}]}}]}]"
Stuart,Curman,scurman1n@illinois.edu,336-824-5048,,5th,Talmadge,Winston Salem,North Carolina,27110,,Pierstorff,Corry,Corpus Christi,Texas,78426,"[{""nameOnCard"":""Sabra Matthis"",""expirationDate"":""2021-05-30"",""cardNum"":""4913736388264076"",""cardType"":""visa-electron""}]","[{""orderDateTime"":""2021-09-13T01:10:34Z"",""totalPrice"":32,""orderItems"":[{""quantity"":60,""totalPrice"":100,""product"":{""productName"":""The Pop Shoppe - Cream Soda"",""quantityAvail"":87,""unitPrice"":6,""mfgDate"":""2021-01-30"",""description"":""sit amet consectetuer adipiscing elit proin risus praesent lectus vestibulum quam sapien varius ut blandit non interdum in"",""catalogs"":[{""name"":""lacus purus aliquet at feugiat non pretium quis lectus suspendisse potenti in eleifend quam""}]}}]}]"
Bertrand,Ratcliff,bratcliff1o@statcounter.com,916-195-9828,,Vidon,Division,Sacramento,California,94207,,Grim,Scoville,Saint Louis,Missouri,63143,"[{""nameOnCard"":""Horatius Perfect"",""expirationDate"":""2021-01-09"",""cardNum"":""3573114970965307"",""cardType"":""jcb""}]","[{""orderDateTime"":""2021-06-18T19:21:40Z"",""totalPrice"":78,""orderItems"":[{""quantity"":32,""totalPrice"":91,""product"":{""productName"":""Soup - Campbells - Chicken Noodle"",""quantityAvail"":100,""unitPrice"":83,""mfgDate"":""2021-03-03"",""description"":""sapien dignissim vestibulum vestibulum ante ipsum primis in faucibus orci luctus et ultrices posuere cubilia curae nulla dapibus"",""catalogs"":[{""name"":""non pretium quis lectus suspendisse potenti in""}]}}]}]"
Tiff,Northin,tnorthin1p@typepad.com,757-449-0067,,Carey,Melrose,Norfolk,Virginia,23514,,Lake View,Waxwing,Toledo,Ohio,43615,"[{""nameOnCard"":""Jeramie Duckhouse"",""expirationDate"":""2021-03-29"",""cardNum"":""372301749170066"",""cardType"":""americanexpress""}]","[{""orderDateTime"":""2021-02-09T03:46:11Z"",""totalPrice"":80,""orderItems"":[{""quantity"":23,""totalPrice"":79,""product"":{""productName"":""Wine - Magnotta, Merlot Sr Vqa"",""quantityAvail"":22,""unitPrice"":24,""mfgDate"":""2021-07-30"",""description"":""ullamcorper purus sit amet nulla quisque arcu libero rutrum ac lobortis vel dapibus at diam nam tristique tortor eu pede"",""catalogs"":[{""name"":""suspendisse ornare consequat lectus in est risus auctor sed tristique in tempus sit amet sem""}]}}]}]"
Madelaine,Claydon,mclaydon1q@intel.com,727-559-9353,,Russell,Gulseth,Saint Petersburg,Florida,33715,,Morrow,2nd,Colorado Springs,Colorado,80910,"[{""nameOnCard"":""Ingelbert McGillreich"",""expirationDate"":""2021-05-26"",""cardNum"":""30491336400663"",""cardType"":""diners-club-carte-blanche""}]","[{""orderDateTime"":""2021-09-11T20:07:23Z"",""totalPrice"":46,""orderItems"":[{""quantity"":11,""totalPrice"":85,""product"":{""productName"":""Bagel - Everything"",""quantityAvail"":47,""unitPrice"":16,""mfgDate"":""2021-05-15"",""description"":""ut erat id mauris vulputate elementum nullam varius nulla facilisi cras non velit nec nisi"",""catalogs"":[{""name"":""ullamcorper purus sit amet nulla quisque arcu libero rutrum ac lobortis""}]}}]}]"
Mychal,Wash,mwash1r@nsw.gov.au,203-771-7626,,Twin Pines,Delaware,New Haven,Connecticut,06533,,Sauthoff,Amoth,Stockton,California,95210,"[{""nameOnCard"":""Erroll Brothwell"",""expirationDate"":""2020-12-14"",""cardNum"":""5100170716877245"",""cardType"":""mastercard""}]","[{""orderDateTime"":""2021-02-09T01:14:44Z"",""totalPrice"":87,""orderItems"":[{""quantity"":11,""totalPrice"":93,""product"":{""productName"":""Compound - Orange"",""quantityAvail"":70,""unitPrice"":60,""mfgDate"":""2021-07-02"",""description"":""morbi quis tortor id nulla ultrices aliquet maecenas leo odio"",""catalogs"":[{""name"":""sodales sed tincidunt eu felis fusce posuere""}]}}]}]"
Rycca,Twining,rtwining1s@dropbox.com,916-554-7330,,Dakota,Prentice,Sacramento,California,94245,,Aberg,Saint Paul,Dayton,Ohio,45419,"[{""nameOnCard"":""Brewer Langston"",""expirationDate"":""2021-02-01"",""cardNum"":""3560869613694318"",""cardType"":""jcb""}]","[{""orderDateTime"":""2021-04-17T13:15:09Z"",""totalPrice"":6,""orderItems"":[{""quantity"":97,""totalPrice"":29,""product"":{""productName"":""Beer - Rickards Red"",""quantityAvail"":84,""unitPrice"":85,""mfgDate"":""2021-06-02"",""description"":""vitae mattis nibh ligula nec sem duis aliquam convallis nunc proin at turpis a pede posuere nonummy"",""catalogs"":[{""name"":""tristique fusce congue diam id ornare imperdiet sapien urna""}]}}]}]"
Dunn,Soutter,dsoutter1t@nba.com,775-579-5344,,Lien,Macpherson,Carson City,Nevada,89714,,Northridge,Vidon,Washington,District of Columbia,20508,"[{""nameOnCard"":""Chryste Melato"",""expirationDate"":""2020-09-27"",""cardNum"":""3589752006004633"",""cardType"":""jcb""}]","[{""orderDateTime"":""2021-07-22T19:39:13Z"",""totalPrice"":52,""orderItems"":[{""quantity"":84,""totalPrice"":24,""product"":{""productName"":""Chicken Breast Wing On"",""quantityAvail"":73,""unitPrice"":58,""mfgDate"":""2021-08-16"",""description"":""augue vel accumsan tellus nisi eu orci mauris lacinia sapien quis libero"",""catalogs"":[{""name"":""libero nam dui proin leo odio porttitor id consequat in consequat""}]}}]}]"
Jameson,Matuszinski,jmatuszinski1u@hexun.com,229-253-9264,,Kedzie,Lerdahl,Valdosta,Georgia,31605,,Nancy,Pond,Newport Beach,California,92662,"[{""nameOnCard"":""Christa Vlasyev"",""expirationDate"":""2021-05-28"",""cardNum"":""633110035260365482"",""cardType"":""switch""}]","[{""orderDateTime"":""2021-07-03T06:31:01Z"",""totalPrice"":99,""orderItems"":[{""quantity"":3,""totalPrice"":25,""product"":{""productName"":""Sugar - Brown"",""quantityAvail"":26,""unitPrice"":71,""mfgDate"":""2020-12-05"",""description"":""ac neque duis bibendum morbi non quam nec dui luctus"",""catalogs"":[{""name"":""pede venenatis non sodales sed tincidunt eu felis fusce posuere felis sed lacus""}]}}]}]"
Germaine,Roser,groser1v@free.fr,314-615-9381,,Loeprich,Sunfield,Saint Louis,Missouri,63150,,Raven,Kingsford,Sioux Falls,South Dakota,57198,"[{""nameOnCard"":""Dorita Sillis"",""expirationDate"":""2020-12-27"",""cardNum"":""4405479001097921"",""cardType"":""visa-electron""}]","[{""orderDateTime"":""2021-03-02T00:40:36Z"",""totalPrice"":78,""orderItems"":[{""quantity"":54,""totalPrice"":6,""product"":{""productName"":""Grenadillo"",""quantityAvail"":40,""unitPrice"":6,""mfgDate"":""2020-11-01"",""description"":""quam pharetra magna ac consequat metus sapien ut nunc vestibulum ante ipsum primis in faucibus orci luctus et ultrices"",""catalogs"":[{""name"":""id nulla ultrices aliquet maecenas leo odio""}]}}]}]"
Ailyn,McMurray,amcmurray1w@homestead.com,217-643-8760,,Dennis,Park Meadow,Springfield,Illinois,62705,,Express,Schmedeman,Salt Lake City,Utah,84120,"[{""nameOnCard"":""Agatha Eddy"",""expirationDate"":""2021-09-08"",""cardNum"":""6386786071441823"",""cardType"":""instapayment""}]","[{""orderDateTime"":""2021-08-12T05:30:21Z"",""totalPrice"":47,""orderItems"":[{""quantity"":32,""totalPrice"":51,""product"":{""productName"":""Jameson - Irish Whiskey"",""quantityAvail"":12,""unitPrice"":89,""mfgDate"":""2021-03-28"",""description"":""proin risus praesent lectus vestibulum quam sapien varius ut blandit non interdum in ante vestibulum"",""catalogs"":[{""name"":""aliquam sit amet diam in magna bibendum imperdiet nullam""}]}}]}]"
Ferdy,Samworth,fsamworth1x@nature.com,865-961-8855,,Forest Dale,Golden Leaf,Knoxville,Tennessee,37919,,Barnett,Mitchell,Orlando,Florida,32803,"[{""nameOnCard"":""Misti Mayhew"",""expirationDate"":""2021-09-03"",""cardNum"":""5433400168156998"",""cardType"":""diners-club-us-ca""}]","[{""orderDateTime"":""2021-03-09T23:41:59Z"",""totalPrice"":61,""orderItems"":[{""quantity"":4,""totalPrice"":89,""product"":{""productName"":""Ice Cream Bar - Hageen Daz To"",""quantityAvail"":65,""unitPrice"":33,""mfgDate"":""2021-06-23"",""description"":""malesuada in imperdiet et commodo vulputate justo in blandit ultrices enim lorem ipsum dolor sit amet consectetuer adipiscing elit proin"",""catalogs"":[{""name"":""ut dolor morbi vel lectus in quam fringilla rhoncus mauris enim""}]}}]}]"
Adolphus,Caddan,acaddan1y@toplist.cz,904-147-2968,,Sommers,Daystar,Jacksonville,Florida,32204,,Old Shore,Shasta,Akron,Ohio,44315,"[{""nameOnCard"":""Zorah Blasing"",""expirationDate"":""2020-12-12"",""cardNum"":""30154154561327"",""cardType"":""diners-club-carte-blanche""}]","[{""orderDateTime"":""2021-08-25T03:35:16Z"",""totalPrice"":77,""orderItems"":[{""quantity"":95,""totalPrice"":35,""product"":{""productName"":""Coconut - Creamed, Pure"",""quantityAvail"":57,""unitPrice"":63,""mfgDate"":""2020-12-31"",""description"":""mi sit amet lobortis sapien sapien non mi integer ac neque duis bibendum"",""catalogs"":[{""name"":""nibh in lectus pellentesque at nulla suspendisse potenti cras in purus""}]}}]}]"
Trueman,Segge,tsegge1z@samsung.com,208-889-0285,,Hagan,Warbler,Boise,Idaho,83732,,Pankratz,Huxley,Englewood,Colorado,80150,"[{""nameOnCard"":""Dorise Puig"",""expirationDate"":""2021-03-18"",""cardNum"":""3568321701258228"",""cardType"":""jcb""}]","[{""orderDateTime"":""2021-09-21T16:13:15Z"",""totalPrice"":82,""orderItems"":[{""quantity"":5,""totalPrice"":91,""product"":{""productName"":""Liners - Baking Cups"",""quantityAvail"":30,""unitPrice"":60,""mfgDate"":""2021-05-03"",""description"":""justo in blandit ultrices enim lorem ipsum dolor sit amet consectetuer adipiscing elit"",""catalogs"":[{""name"":""velit id pretium iaculis diam erat fermentum justo nec condimentum neque""}]}}]}]"
Dannel,Stollenberg,dstollenberg20@cpanel.net,469-849-0668,,Jenna,Burrows,Dallas,Texas,75241,,Knutson,Thierer,North Las Vegas,Nevada,89036,"[{""nameOnCard"":""Orbadiah MacKenzie"",""expirationDate"":""2021-06-01"",""cardNum"":""3539866981351875"",""cardType"":""jcb""}]","[{""orderDateTime"":""2020-11-04T13:58:27Z"",""totalPrice"":50,""orderItems"":[{""quantity"":21,""totalPrice"":41,""product"":{""productName"":""Wine - Acient Coast Caberne"",""quantityAvail"":25,""unitPrice"":43,""mfgDate"":""2020-10-27"",""description"":""mauris non ligula pellentesque ultrices phasellus id sapien in sapien iaculis congue vivamus"",""catalogs"":[{""name"":""sapien urna pretium nisl ut volutpat""}]}}]}]"
Rahal,Seamarke,rseamarke21@msu.edu,513-831-8612,,Porter,Cody,Cincinnati,Ohio,45223,,Carberry,Everett,Miami,Florida,33196,"[{""nameOnCard"":""Charles Adamkiewicz"",""expirationDate"":""2020-11-10"",""cardNum"":""3533120560545531"",""cardType"":""jcb""}]","[{""orderDateTime"":""2020-10-21T15:41:14Z"",""totalPrice"":81,""orderItems"":[{""quantity"":12,""totalPrice"":30,""product"":{""productName"":""Beer - Tetleys"",""quantityAvail"":56,""unitPrice"":26,""mfgDate"":""2021-03-18"",""description"":""erat fermentum justo nec condimentum neque sapien placerat ante nulla"",""catalogs"":[{""name"":""ipsum primis in faucibus orci luctus et ultrices posuere cubilia curae nulla""}]}}]}]"
Pate,Liffe,pliffe22@umich.edu,239-802-8282,,Mcguire,Straubel,Naples,Florida,34114,,Granby,Everett,Los Angeles,California,90025,"[{""nameOnCard"":""Christiana Nesbitt"",""expirationDate"":""2021-04-09"",""cardNum"":""6395124615464052"",""cardType"":""instapayment""}]","[{""orderDateTime"":""2021-07-08T08:23:46Z"",""totalPrice"":46,""orderItems"":[{""quantity"":31,""totalPrice"":24,""product"":{""productName"":""Napkin White"",""quantityAvail"":31,""unitPrice"":39,""mfgDate"":""2021-09-07"",""description"":""ut massa volutpat convallis morbi odio odio elementum eu interdum eu"",""catalogs"":[{""name"":""viverra dapibus nulla suscipit ligula in""}]}}]}]"
Rhianon,Phebee,rphebee23@canalblog.com,570-397-4695,,Golf Course,Fairview,Wilkes Barre,Pennsylvania,18763,,Killdeer,Evergreen,Austin,Texas,78749,"[{""nameOnCard"":""Rafael Seeborne"",""expirationDate"":""2021-04-25"",""cardNum"":""3561324518303432"",""cardType"":""jcb""}]","[{""orderDateTime"":""2020-10-13T07:36:43Z"",""totalPrice"":98,""orderItems"":[{""quantity"":12,""totalPrice"":29,""product"":{""productName"":""Soup - Campbells Pasta Fagioli"",""quantityAvail"":32,""unitPrice"":51,""mfgDate"":""2021-05-29"",""description"":""sit amet justo morbi ut odio cras mi pede malesuada in imperdiet et commodo vulputate justo"",""catalogs"":[{""name"":""dapibus dolor vel est donec""}]}}]}]"
Gwen,Wickes,gwickes24@google.nl,314-965-6322,,Buell,Victoria,Saint Louis,Missouri,63143,,Manitowish,Commercial,Jacksonville,Florida,32204,"[{""nameOnCard"":""Gypsy Prene"",""expirationDate"":""2020-11-23"",""cardNum"":""5602240598703539"",""cardType"":""bankcard""}]","[{""orderDateTime"":""2021-08-11T19:04:21Z"",""totalPrice"":42,""orderItems"":[{""quantity"":6,""totalPrice"":57,""product"":{""productName"":""Muffin Hinge 117n"",""quantityAvail"":75,""unitPrice"":18,""mfgDate"":""2020-11-04"",""description"":""rhoncus dui vel sem sed sagittis nam congue risus semper porta volutpat quam pede lobortis ligula"",""catalogs"":[{""name"":""turpis a pede posuere nonummy integer non velit donec diam neque""}]}}]}]"
Eugen,Halsall,ehalsall25@fc2.com,205-997-4229,,Reindahl,Dawn,Tuscaloosa,Alabama,35487,,Meadow Valley,Melrose,Newark,New Jersey,07188,"[{""nameOnCard"":""Fey Jonczyk"",""expirationDate"":""2021-02-02"",""cardNum"":""30206353222364"",""cardType"":""diners-club-carte-blanche""}]","[{""orderDateTime"":""2021-04-16T21:01:09Z"",""totalPrice"":76,""orderItems"":[{""quantity"":71,""totalPrice"":42,""product"":{""productName"":""Poppy Seed"",""quantityAvail"":36,""unitPrice"":55,""mfgDate"":""2021-04-02"",""description"":""pede venenatis non sodales sed tincidunt eu felis fusce posuere felis"",""catalogs"":[{""name"":""mauris sit amet eros suspendisse accumsan tortor quis turpis sed ante vivamus""}]}}]}]"
Inger,Currom,icurrom26@fema.gov,802-145-7271,,Sheridan,Brown,Montpelier,Vermont,05609,,Towne,Bashford,Saint Louis,Missouri,63143,"[{""nameOnCard"":""Robbyn Lovering"",""expirationDate"":""2021-05-18"",""cardNum"":""4903159003940569209"",""cardType"":""switch""}]","[{""orderDateTime"":""2020-11-24T17:59:44Z"",""totalPrice"":52,""orderItems"":[{""quantity"":41,""totalPrice"":93,""product"":{""productName"":""Bread Base - Italian"",""quantityAvail"":89,""unitPrice"":83,""mfgDate"":""2020-11-01"",""description"":""sit amet eleifend pede libero quis orci nullam molestie nibh"",""catalogs"":[{""name"":""sem sed sagittis nam congue risus semper""}]}}]}]"
Renae,Devaney,rdevaney27@technorati.com,202-258-7060,,Park Meadow,Lerdahl,Washington,District of Columbia,20520,,Northfield,6th,Chicago,Illinois,60619,"[{""nameOnCard"":""Symon Tapp"",""expirationDate"":""2021-03-06"",""cardNum"":""6771751828961054"",""cardType"":""laser""}]","[{""orderDateTime"":""2021-07-20T00:46:48Z"",""totalPrice"":27,""orderItems"":[{""quantity"":23,""totalPrice"":22,""product"":{""productName"":""Flour - All Purpose"",""quantityAvail"":68,""unitPrice"":70,""mfgDate"":""2021-08-31"",""description"":""orci vehicula condimentum curabitur in libero ut massa volutpat convallis morbi odio odio elementum"",""catalogs"":[{""name"":""natoque penatibus et magnis dis parturient montes nascetur ridiculus mus vivamus""}]}}]}]"
Carlos,Berndtssen,cberndtssen28@princeton.edu,212-414-1940,,Monument,Melody,New York City,New York,10090,,Waubesa,Beilfuss,Fort Wayne,Indiana,46867,"[{""nameOnCard"":""Karia Taynton"",""expirationDate"":""2020-10-26"",""cardNum"":""5010123845081063"",""cardType"":""mastercard""}]","[{""orderDateTime"":""2021-08-11T06:22:40Z"",""totalPrice"":87,""orderItems"":[{""quantity"":68,""totalPrice"":99,""product"":{""productName"":""Sausage - Meat"",""quantityAvail"":15,""unitPrice"":91,""mfgDate"":""2021-03-07"",""description"":""ut massa quis augue luctus tincidunt nulla mollis molestie lorem quisque ut erat curabitur gravida"",""catalogs"":[{""name"":""quis tortor id nulla ultrices aliquet maecenas leo odio condimentum""}]}}]}]"
Sasha,Harrisson,sharrisson29@feedburner.com,512-376-1271,,Hagan,Little Fleur,Austin,Texas,78778,,Drewry,Green Ridge,Trenton,New Jersey,08619,"[{""nameOnCard"":""Bette Gold"",""expirationDate"":""2021-05-30"",""cardNum"":""3584086219273932"",""cardType"":""jcb""}]","[{""orderDateTime"":""2021-02-04T18:45:38Z"",""totalPrice"":63,""orderItems"":[{""quantity"":71,""totalPrice"":52,""product"":{""productName"":""Soda Water - Club Soda, 355 Ml"",""quantityAvail"":13,""unitPrice"":55,""mfgDate"":""2020-10-10"",""description"":""et commodo vulputate justo in blandit ultrices enim lorem ipsum dolor sit amet"",""catalogs"":[{""name"":""quam suspendisse potenti nullam porttitor lacus at turpis donec posuere metus vitae""}]}}]}]"
Davis,Bursnall,dbursnall2a@cbsnews.com,702-130-8433,,Dwight,Crownhardt,North Las Vegas,Nevada,89087,,Park Meadow,Holmberg,Hialeah,Florida,33018,"[{""nameOnCard"":""Donnell Fashion"",""expirationDate"":""2021-03-08"",""cardNum"":""4041371603622"",""cardType"":""visa""}]","[{""orderDateTime"":""2021-03-04T04:36:22Z"",""totalPrice"":29,""orderItems"":[{""quantity"":61,""totalPrice"":13,""product"":{""productName"":""Longos - Chicken Cordon Bleu"",""quantityAvail"":24,""unitPrice"":24,""mfgDate"":""2021-07-07"",""description"":""amet turpis elementum ligula vehicula consequat morbi a ipsum integer a nibh in quis"",""catalogs"":[{""name"":""odio cras mi pede malesuada in imperdiet""}]}}]}]"
Averell,Gullane,agullane2b@fema.gov,402-692-3875,,Independence,Monument,Lincoln,Nebraska,68531,,Northview,Sunnyside,Duluth,Georgia,30195,"[{""nameOnCard"":""Rey Hatherley"",""expirationDate"":""2020-10-25"",""cardNum"":""3576600904439960"",""cardType"":""jcb""}]","[{""orderDateTime"":""2021-07-09T01:18:05Z"",""totalPrice"":1,""orderItems"":[{""quantity"":9,""totalPrice"":23,""product"":{""productName"":""Alize Gold Passion"",""quantityAvail"":37,""unitPrice"":8,""mfgDate"":""2021-01-20"",""description"":""pharetra magna ac consequat metus sapien ut nunc vestibulum ante ipsum primis in faucibus orci luctus et ultrices"",""catalogs"":[{""name"":""phasellus in felis donec semper sapien a""}]}}]}]"
Mady,Kittles,mkittles2c@360.cn,515-900-1240,,Morningstar,6th,Des Moines,Iowa,50310,,Stuart,Gale,Washington,District of Columbia,20005,"[{""nameOnCard"":""Babita Glanz"",""expirationDate"":""2020-12-20"",""cardNum"":""3563815586889887"",""cardType"":""jcb""}]","[{""orderDateTime"":""2021-08-09T04:56:45Z"",""totalPrice"":79,""orderItems"":[{""quantity"":88,""totalPrice"":21,""product"":{""productName"":""Crush - Orange, 355ml"",""quantityAvail"":5,""unitPrice"":21,""mfgDate"":""2021-06-24"",""description"":""volutpat sapien arcu sed augue aliquam erat volutpat in congue etiam justo etiam pretium iaculis justo in hac habitasse platea"",""catalogs"":[{""name"":""tincidunt eget tempus vel pede morbi porttitor""}]}}]}]"
Teodor,Trickey,ttrickey2d@ehow.com,989-262-5869,,Birchwood,Ridgeview,Saginaw,Michigan,48604,,Saint Paul,Esch,Lexington,Kentucky,40510,"[{""nameOnCard"":""Marlin Guion"",""expirationDate"":""2021-01-12"",""cardNum"":""3534601696834443"",""cardType"":""jcb""}]","[{""orderDateTime"":""2021-03-07T12:24:55Z"",""totalPrice"":94,""orderItems"":[{""quantity"":76,""totalPrice"":80,""product"":{""productName"":""Cookie - Dough Variety"",""quantityAvail"":64,""unitPrice"":41,""mfgDate"":""2021-02-12"",""description"":""convallis nulla neque libero convallis eget eleifend luctus ultricies eu nibh quisque id justo sit amet"",""catalogs"":[{""name"":""et ultrices posuere cubilia curae duis""}]}}]}]"
Kippie,Tippler,ktippler2e@discovery.com,763-376-0365,,Mallory,Johnson,Monticello,Minnesota,55590,,Donald,Nancy,Spokane,Washington,99205,"[{""nameOnCard"":""Kristien Meegan"",""expirationDate"":""2020-12-14"",""cardNum"":""6396953257764646"",""cardType"":""instapayment""}]","[{""orderDateTime"":""2020-09-27T10:43:44Z"",""totalPrice"":21,""orderItems"":[{""quantity"":17,""totalPrice"":77,""product"":{""productName"":""Wine - Magnotta - Cab Franc"",""quantityAvail"":98,""unitPrice"":77,""mfgDate"":""2021-07-03"",""description"":""curabitur gravida nisi at nibh in hac habitasse platea dictumst aliquam augue quam sollicitudin vitae"",""catalogs"":[{""name"":""morbi odio odio elementum eu interdum eu tincidunt in leo maecenas pulvinar""}]}}]}]"
Lea,Pellman,lpellman2f@nymag.com,978-520-4353,,Kipling,Clove,Watertown,Massachusetts,02472,,Fulton,Cottonwood,Torrance,California,90510,"[{""nameOnCard"":""Wendie Wauchope"",""expirationDate"":""2021-06-25"",""cardNum"":""3549342823976186"",""cardType"":""jcb""}]","[{""orderDateTime"":""2021-04-09T14:50:12Z"",""totalPrice"":81,""orderItems"":[{""quantity"":43,""totalPrice"":28,""product"":{""productName"":""Pork - Tenderloin, Frozen"",""quantityAvail"":29,""unitPrice"":49,""mfgDate"":""2021-02-26"",""description"":""bibendum morbi non quam nec dui luctus rutrum nulla tellus in sagittis dui vel nisl"",""catalogs"":[{""name"":""eu felis fusce posuere felis sed lacus morbi sem mauris laoreet""}]}}]}]"
Etta,Joney,ejoney2g@pen.io,202-446-6360,,Harper,Amoth,Washington,District of Columbia,20057,,Pleasure,Independence,Des Moines,Iowa,50320,"[{""nameOnCard"":""Cathi MacCrann"",""expirationDate"":""2021-09-06"",""cardNum"":""3564281616729206"",""cardType"":""jcb""}]","[{""orderDateTime"":""2021-01-11T23:39:31Z"",""totalPrice"":36,""orderItems"":[{""quantity"":22,""totalPrice"":77,""product"":{""productName"":""Sauce - Hoisin"",""quantityAvail"":72,""unitPrice"":70,""mfgDate"":""2021-03-13"",""description"":""amet sapien dignissim vestibulum vestibulum ante ipsum primis in faucibus orci luctus et ultrices posuere cubilia curae nulla dapibus dolor"",""catalogs"":[{""name"":""ut rhoncus aliquet pulvinar sed nisl nunc rhoncus dui vel""}]}}]}]"
Avrit,Dyde,adyde2h@creativecommons.org,484-474-7375,,Commercial,Havey,Valley Forge,Pennsylvania,19495,,John Wall,North,New York City,New York,10292,"[{""nameOnCard"":""Bob Winslade"",""expirationDate"":""2021-05-23"",""cardNum"":""6763247856485736"",""cardType"":""maestro""}]","[{""orderDateTime"":""2020-10-03T11:07:11Z"",""totalPrice"":27,""orderItems"":[{""quantity"":41,""totalPrice"":27,""product"":{""productName"":""Artichoke - Fresh"",""quantityAvail"":76,""unitPrice"":33,""mfgDate"":""2021-07-19"",""description"":""lorem ipsum dolor sit amet consectetuer adipiscing elit proin interdum mauris non ligula pellentesque ultrices phasellus id"",""catalogs"":[{""name"":""vestibulum ante ipsum primis in faucibus orci luctus et ultrices""}]}}]}]"
Katya,England,kengland2i@blinklist.com,214-497-1559,,Michigan,Mallard,Dallas,Texas,75379,,Golf,Butterfield,Columbus,Ohio,43220,"[{""nameOnCard"":""Wells Kee"",""expirationDate"":""2021-02-26"",""cardNum"":""560225933225588601"",""cardType"":""china-unionpay""}]","[{""orderDateTime"":""2021-06-20T03:45:00Z"",""totalPrice"":64,""orderItems"":[{""quantity"":66,""totalPrice"":10,""product"":{""productName"":""Vaccum Bag 10x13"",""quantityAvail"":88,""unitPrice"":34,""mfgDate"":""2021-05-16"",""description"":""lectus pellentesque eget nunc donec quis orci eget orci vehicula condimentum curabitur in"",""catalogs"":[{""name"":""sed vel enim sit amet nunc viverra dapibus""}]}}]}]"
Dacey,Neljes,dneljes2j@smh.com.au,206-604-2081,,Mariners Cove,Forest Dale,Tacoma,Washington,98424,,Basil,Declaration,Dearborn,Michigan,48126,"[{""nameOnCard"":""Bebe Cordelette"",""expirationDate"":""2021-03-25"",""cardNum"":""3565332935636975"",""cardType"":""jcb""}]","[{""orderDateTime"":""2020-11-26T13:55:03Z"",""totalPrice"":12,""orderItems"":[{""quantity"":26,""totalPrice"":95,""product"":{""productName"":""Muffin Chocolate Individual Wrap"",""quantityAvail"":59,""unitPrice"":72,""mfgDate"":""2021-07-28"",""description"":""tincidunt in leo maecenas pulvinar lobortis est phasellus sit amet erat nulla"",""catalogs"":[{""name"":""praesent blandit nam nulla integer pede justo lacinia eget tincidunt eget tempus vel""}]}}]}]"
Hermine,Lathleiff,hlathleiff2k@themeforest.net,540-632-5462,,Burrows,Kipling,Roanoke,Virginia,24004,,Crownhardt,Farmco,Cleveland,Ohio,44185,"[{""nameOnCard"":""Winfred McMillan"",""expirationDate"":""2021-07-29"",""cardNum"":""3539964386814264"",""cardType"":""jcb""}]","[{""orderDateTime"":""2020-11-26T07:10:57Z"",""totalPrice"":9,""orderItems"":[{""quantity"":73,""totalPrice"":62,""product"":{""productName"":""Bagel - 12 Grain Preslice"",""quantityAvail"":93,""unitPrice"":37,""mfgDate"":""2021-08-15"",""description"":""vivamus in felis eu sapien cursus vestibulum proin eu mi nulla ac"",""catalogs"":[{""name"":""lacus at turpis donec posuere metus vitae ipsum aliquam non mauris morbi non""}]}}]}]"
Anstice,Bilston,abilston2l@biblegateway.com,904-891-4597,,Spaight,Stoughton,Jacksonville,Florida,32204,,Mallard,Old Shore,Olympia,Washington,98506,"[{""nameOnCard"":""Gannon Garaghan"",""expirationDate"":""2021-02-10"",""cardNum"":""3567610438289634"",""cardType"":""jcb""}]","[{""orderDateTime"":""2021-05-05T12:50:58Z"",""totalPrice"":17,""orderItems"":[{""quantity"":16,""totalPrice"":64,""product"":{""productName"":""Bread Foccacia Whole"",""quantityAvail"":54,""unitPrice"":67,""mfgDate"":""2021-07-07"",""description"":""at turpis donec posuere metus vitae ipsum aliquam non mauris morbi non lectus aliquam"",""catalogs"":[{""name"":""amet turpis elementum ligula vehicula consequat morbi a ipsum""}]}}]}]"
Aime,Garland,agarland2m@pcworld.com,727-299-9014,,Brown,Hoffman,Clearwater,Florida,34615,,Myrtle,Dakota,Portland,Oregon,97229,"[{""nameOnCard"":""Zena Lante"",""expirationDate"":""2021-09-17"",""cardNum"":""4608596537114"",""cardType"":""visa""}]","[{""orderDateTime"":""2021-02-14T14:29:10Z"",""totalPrice"":71,""orderItems"":[{""quantity"":2,""totalPrice"":54,""product"":{""productName"":""Cheese - Fontina"",""quantityAvail"":6,""unitPrice"":24,""mfgDate"":""2020-10-10"",""description"":""turpis integer aliquet massa id lobortis convallis tortor risus dapibus augue vel accumsan tellus"",""catalogs"":[{""name"":""aliquet massa id lobortis convallis tortor""}]}}]}]"
Tiertza,Colegate,tcolegate2n@washingtonpost.com,339-583-1442,,Lawn,Buena Vista,Woburn,Massachusetts,01813,,Crescent Oaks,Corscot,Corona,California,92878,"[{""nameOnCard"":""Flo Gentreau"",""expirationDate"":""2021-04-28"",""cardNum"":""676149937958385736"",""cardType"":""maestro""}]","[{""orderDateTime"":""2021-02-19T03:18:24Z"",""totalPrice"":43,""orderItems"":[{""quantity"":77,""totalPrice"":95,""product"":{""productName"":""Glucose"",""quantityAvail"":53,""unitPrice"":89,""mfgDate"":""2021-06-01"",""description"":""ut rhoncus aliquet pulvinar sed nisl nunc rhoncus dui vel sem sed sagittis nam congue"",""catalogs"":[{""name"":""id justo sit amet sapien dignissim vestibulum vestibulum ante ipsum primis""}]}}]}]"
Idalia,Peddersen,ipeddersen2o@narod.ru,602-138-5460,,Cody,Glacier Hill,Phoenix,Arizona,85083,,Moose,Farwell,Honolulu,Hawaii,96825,"[{""nameOnCard"":""Lucy Marmyon"",""expirationDate"":""2020-11-01"",""cardNum"":""3533986377202536"",""cardType"":""jcb""}]","[{""orderDateTime"":""2021-01-25T01:17:03Z"",""totalPrice"":1,""orderItems"":[{""quantity"":97,""totalPrice"":39,""product"":{""productName"":""Orange Roughy 6/8 Oz"",""quantityAvail"":29,""unitPrice"":83,""mfgDate"":""2021-02-16"",""description"":""at velit eu est congue elementum in hac habitasse platea"",""catalogs"":[{""name"":""malesuada in imperdiet et commodo vulputate""}]}}]}]"
Nedda,Matula,nmatula2p@geocities.jp,757-303-4850,,Hoepker,Service,Virginia Beach,Virginia,23471,,Green Ridge,Weeping Birch,Portsmouth,New Hampshire,00214,"[{""nameOnCard"":""Bettine Billingsly"",""expirationDate"":""2021-02-04"",""cardNum"":""3571489472899911"",""cardType"":""jcb""}]","[{""orderDateTime"":""2021-08-10T08:40:16Z"",""totalPrice"":84,""orderItems"":[{""quantity"":100,""totalPrice"":76,""product"":{""productName"":""Nantucket - Carrot Orange"",""quantityAvail"":16,""unitPrice"":9,""mfgDate"":""2021-01-16"",""description"":""eu felis fusce posuere felis sed lacus morbi sem mauris laoreet ut rhoncus aliquet"",""catalogs"":[{""name"":""metus sapien ut nunc vestibulum ante ipsum primis in faucibus""}]}}]}]"
Shelli,Burdin,sburdin2q@nydailynews.com,303-287-9711,,Artisan,Talmadge,Denver,Colorado,80209,,Sycamore,Dahle,Springfield,Illinois,62705,"[{""nameOnCard"":""Angeli Frake"",""expirationDate"":""2021-07-18"",""cardNum"":""3554048186219906"",""cardType"":""jcb""}]","[{""orderDateTime"":""2021-09-01T16:00:42Z"",""totalPrice"":45,""orderItems"":[{""quantity"":63,""totalPrice"":2,""product"":{""productName"":""Pepper - Chillies, Crushed"",""quantityAvail"":41,""unitPrice"":51,""mfgDate"":""2021-03-13"",""description"":""nibh fusce lacus purus aliquet at feugiat non pretium quis"",""catalogs"":[{""name"":""imperdiet et commodo vulputate justo in blandit ultrices enim lorem ipsum dolor sit amet""}]}}]}]"
Hersch,Stollsteimer,hstollsteimer2r@arstechnica.com,434-924-4554,,Dawn,Packers,Manassas,Virginia,22111,,Hintze,Weeping Birch,Mc Keesport,Pennsylvania,15134,"[{""nameOnCard"":""Tore Holdforth"",""expirationDate"":""2020-12-31"",""cardNum"":""30250917667870"",""cardType"":""diners-club-carte-blanche""}]","[{""orderDateTime"":""2021-09-18T03:18:24Z"",""totalPrice"":78,""orderItems"":[{""quantity"":61,""totalPrice"":86,""product"":{""productName"":""Appetizer - Lobster Phyllo Roll"",""quantityAvail"":97,""unitPrice"":4,""mfgDate"":""2020-11-12"",""description"":""ipsum primis in faucibus orci luctus et ultrices posuere cubilia curae mauris viverra diam vitae quam"",""catalogs"":[{""name"":""posuere cubilia curae mauris viverra diam vitae quam suspendisse potenti nullam porttitor lacus at""}]}}]}]"
